age_stage,Negative,Positive,<NA>,n,prop_positive,se
child,414,179,1692,593,0.30185497470489037,0.018851445028987696
adult,2940,5505,3819,8445,0.6518650088809946,0.005183855009767761
older adult,1617,1865,2304,3482,0.5356117174037909,0.008451840212762286
