finaloutcome12,age_stage,pulmextrapulm,n,nn,prop,sd
Lost to follow up,child,Extra-pulmonary only,9,1115,0.008071748878923767,0.029826527620297562
Lost to follow up,child,"Pulmonary, with or without EP",21,1959,0.010719754977029096,0.022472037471215046
Lost to follow up,adult,Extra-pulmonary only,119,4230,0.02813238770685579,0.015157702224028787
Lost to follow up,adult,"Pulmonary, with or without EP",360,10105,0.035625927758535375,0.009769101094476826
Lost to follow up,older adult,Extra-pulmonary only,12,1591,0.00754242614707731,0.024975884960786333
Lost to follow up,older adult,"Pulmonary, with or without EP",39,4603,0.008472735172713448,0.014676815775845786
