finaloutcome12,age_stage,pulmextrapulm,n,nn,prop,sd
TBDeath,child,Extra-pulmonary only,4,1103,0.003626473254759746,0.03005545685267593
TBDeath,child,"Pulmonary, with or without EP",8,1935,0.004134366925064599,0.022686102395501773
TBDeath,adult,Extra-pulmonary only,27,4616,0.005849220103986135,0.01467551087906408
TBDeath,adult,"Pulmonary, with or without EP",329,11112,0.02960763138948884,0.009344962648870957
TBDeath,older adult,Extra-pulmonary only,57,891,0.06397306397306397,0.032411962016147364
TBDeath,older adult,"Pulmonary, with or without EP",321,2334,0.13753213367609254,0.019222994236653433
