age_stage,parameter,description,shape1,shape2
adult,nu,gamma,7.795429063189496,0.08273304156425562
child,nu,gamma,9.8612764176625891,0.06142210696870058
older adult,nu,gamma,8.517586946177037,0.0723623904020163
