age_stage,parameter,description,shape1,shape2
adult,nu,gamma,7.72917116331057,11.94153478576084
child,nu,gamma,9.8612764176625891,16.280783082051858
older adult,nu,gamma,8.457495847898654,13.616386356121449
