age_stage,parameter,description,shape1,shape2
adult,nu,gamma,7.72917116331057,0.08374132956447157
child,nu,gamma,9.8612764176625891,0.06142210696870058
older adult,nu,gamma,8.457495847898654,0.0734409243279466
